name,Email,Picture,Roles,Timezone
bubepruwr,bubepruwr@example.com,/sites/default/files/pictures/2024-08/generateImage_vtnt5F.jpeg,"Content editor, Administrator",UTC
staslekiua,staslekiua@example.com,/sites/default/files/pictures/2024-08/generateImage_aTgbqF.jpeg,"Content editor, Administrator",UTC
wodrobakovit,wodrobakovit@example.com,/sites/default/files/pictures/2024-08/generateImage_ab7ZUy.png,"Content editor, Administrator",UTC
wacritedam,wacritedam@example.com,/sites/default/files/pictures/2024-08/generateImage_ZfVx5g.gif,"Content editor, Administrator",UTC
levoswutrus,levoswutrus@example.com,/sites/default/files/pictures/2024-08/generateImage_gUgCBe.jpeg,"Content editor, Administrator",UTC
dispodrut,dispodrut@example.com,/sites/default/files/pictures/2024-08/generateImage_byYQQM.png,"Content editor, Administrator",UTC
slujin,slujin@example.com,/sites/default/files/pictures/2024-08/generateImage_7br11h.png,"Content editor, Administrator",UTC
kebrut,kebrut@example.com,/sites/default/files/pictures/2024-08/generateImage_lzLQpT.gif,"Content editor, Administrator",UTC
spisisecr,spisisecr@example.com,/sites/default/files/pictures/2024-08/generateImage_rSFVy2.gif,"Content editor, Administrator",UTC
